Patch #,Patch name,Stand type,Total Moth Count,"Moth Content (Low = 0-20, Mid = >20-50, High = >50-80, Very High = >80+)","""Muck"" Amount",Total consolidated (categorical),Total (from mean),Total (from rand),% Quercus,% Acer,% Pinus,% Conifers,Longitude (E-W),Surrounded by,Forest Type,Essences forestières,Classe d'âge,Age class_combined,Densité du couvert,Type écologique
13,Brownsburg,BC Co-Dom1,28.25,Mid,,Mid,28.25,28.25,0.30,0.40,,0.00,-74.47369206,Forest,oak_maple,"Chêne rouge 30 %, Érable rouge 30 %, Hêtre à grandes feuilles 20 %, Érable à sucre 10 %, Feuillus tolérants à l'ombre 10 %",JIN,JIN,0.85,FE62
13,Brownsburg,BC Co-Dom2,39.25,Mid,high,High,104.25,111.32,0.30,0.40,,0.00,-74.47287591,Forest,oak_maple,"Chêne rouge 30 %, Érable rouge 30 %, Hêtre à grandes feuilles 20 %, Érable à sucre 10 %, Feuillus tolérants à l'ombre 10 %",JIN,JIN,0.85,FE62
13,Brownsburg,BC Dom1,33.75,Mid,,Mid,33.75,33.75,0.50,0.20,,0.00,-74.47549501,Forest,oak,"Chêne rouge 50 %, Hêtre à grandes feuilles 20 %, Érable rouge 10 %, Érable à sucre 10 %, Feuillus tolérants à l'ombre 10 %",JIN,JIN,0.95,FE62
13,Brownsburg,BC Dom2,53.50,High,high,Very High,118.50,129.84,0.50,0.20,,0.00,-74.47587211,Forest,oak,"Chêne rouge 50 %, Hêtre à grandes feuilles 20 %, Érable rouge 10 %, Érable à sucre 10 %, Feuillus tolérants à l'ombre 10 %",JIN,JIN,0.95,FE62
13,Brownsburg,BC Low 1,,NA,very high,Very High,100.00,111.26,,0.30,0.60,0.60,-74.4779768,Forest,pine,"Pin blanc 60 %, Érable rouge 30 %, Feuillus tolérants à l'ombre 10 %",JIN,JIN,0.85,RP12
13,Brownsburg,BC Low 2,38.00,Mid,high,High,103.00,102.92,,0.30,0.60,0.60,-74.47816556,Forest,pine,"Pin blanc 60 %, Érable rouge 30 %, Feuillus tolérants à l'ombre 10 %",JIN,JIN,0.85,RP12
4,Hatley,Hat Co-Dom1,83.00,Very High,,Very High,151.75,83.00,0.40,0.40,,0.00,-71.97994754,Agricultural,oak_maple,"Chêne rouge 40 %, Érable à sucre 40 %, Frênes 10 %, Hêtre à grandes feuilles 10 %",JIN,JIN,0.65,FE62
4,Hatley,Hat Co-Dom2,91.25,Very High,,Very High,168.75,91.25,0.40,0.40,,0.00,-71.98041927,Agricultural,oak_maple,"Chêne rouge 40 %, Érable à sucre 40 %, Frênes 10 %, Hêtre à grandes feuilles 10 %",JIN,JIN,0.65,FE62
4,Hatley,Hat Dom1,40.00,Mid,,Mid,40.00,40.00,0.50,0.10,,0.00,-71.98111245,Agricultural,oak,"Chêne rouge 50 %, Frênes 20 %, Bouleau à papier (blanc) 10 %, Érable à sucre 10 %, Feuillus tolérants à l'ombre 10 %",JIN,JIN,0.95,FE62
4,Hatley,Hat Dom2,86.00,Very High,,High,86.00,86.00,0.50,0.10,,0.00,-71.98132519,Agricultural,oak,"Chêne rouge 50 %, Frênes 20 %, Bouleau à papier (blanc) 10 %, Érable à sucre 10 %, Feuillus tolérants à l'ombre 10 %",JIN,JIN,0.95,FE62
4,Hatley,Hat Low 1,71.25,High,,Very High,137.75,71.25,,0.40,,0.00,-71.98089662,Agricultural,birch_maple,"Bouleau à papier (blanc) 30 %, Érable rouge 20 %, Érable à sucre 20 %, Bouleau gris (à feuilles de peuplier) 10 %, Bouleau jaune 10 %, Feuillus tolérants à l'ombre 10 %",50,JIN-even,0.85,FE22
4,Hatley,Hat Low 2,77.25,High,,Very High,132.50,77.25,,0.40,,0.00,-71.98181536,Agricultural,birch_maple,"Bouleau à papier (blanc) 30 %, Érable rouge 20 %, Érable à sucre 20 %, Bouleau gris (à feuilles de peuplier) 10 %, Bouleau jaune 10 %, Feuillus tolérants à l'ombre 10 %",50,JIN-even,0.85,FE22
15,Kenauk,KNK Co-Dom1,5.25,Low,,Low,5.25,5.25,0.40,0.30,,0.00,-74.78463753,Forest,oak_maple,"Chêne rouge 40 %, Érable rouge 30 %, Feuillus tolérants à l'ombre 20 %, Feuillus intolérants à l'ombre 10 %",JIN,JIN,0.65,FC10
15,Kenauk,KNK Co-Dom2,16.75,Low,,Low,16.75,16.75,0.40,0.30,,0.00,-74.78465023,Forest,oak_maple,"Chêne rouge 40 %, Érable rouge 30 %, Feuillus tolérants à l'ombre 20 %, Feuillus intolérants à l'ombre 10 %",JIN,JIN,0.65,FC10
15,Kenauk,KNK Dom1,46.25,Mid,low,Mid,56.25,57.36,0.60,0.30,,0.00,-74.77227693,Forest,oak,"Chêne rouge 60 %, Érable à sucre 20 %, Érable rouge 10 %, Feuillus intolérants à l'ombre 10 %",VIN,VIN,0.75,FC10
15,Kenauk,KNK Dom2,51.00,High,low,High,61.00,53.64,0.80,0.10,,0.00,-74.77355213,Forest,oak,"Chêne rouge 80 %, Bouleau à papier (blanc) 10 %, Érable à sucre 10 %",VIN,VIN,0.85,FC10
15,Kenauk,KNK Low 1,,NA,high,High,65.00,59.16,,,,0.00,-74.82168915,Forest,hardwood?,"Feuillus tolérants à l'ombre 70 %, Feuillus non commerciaux 30 %",30,JIN-even,0.75,FE60
15,Kenauk,KNK Low 2,15.00,Low,,Low,15.00,15.00,,0.30,,0.10,-74.82316981,Forest,maple_birch,"Érable à sucre 30 %, Bouleau jaune 20 %, Hêtre à grandes feuilles 20 %, Bouleau à papier (blanc) 10 %, Frênes 10 %, Pruche du Canada (de l'Est) 10 %",VIN,VIN,0.75,RT10
3,Mont Gauvin/Glen ,Bolt Co-Dom1,25.25,Mid,low,Mid,35.25,31.92,0.30,0.30,,0.00,-72.39716255,Forest,oak_ash,"Chêne rouge 30 %, Frênes 30 %, Érable à sucre 20 %, Érable rouge 10 %, Feuillus tolérants à l'ombre 10 %",JIN,JIN,0.75,FE60
3,Mont Gauvin/Glen ,Bolt Co-Dom2,15.50,Low,low,Low,25.50,27.69,0.30,0.30,,0.00,-72.39605681,Forest,oak_ash,"Chêne rouge 30 %, Frênes 30 %, Érable à sucre 20 %, Érable rouge 10 %, Feuillus tolérants à l'ombre 10 %",JIN,JIN,0.75,FE60
3,Mont Gauvin/Glen ,Bolt Dom1,35.25,Mid,,Mid,35.25,35.25,0.50,0.40,,0.00,-72.39723229,Forest,oak,"Chêne rouge 50 %, Érable à sucre 40 %, Feuillus tolérants à l'ombre 10 %",JIN,JIN,0.85,FE60
3,Mont Gauvin/Glen ,Bolt Dom2,42.00,Mid,,Mid,42.00,42.00,0.50,0.40,,0.00,-72.39782707,Forest,oak,"Chêne rouge 50 %, Érable à sucre 40 %, Feuillus tolérants à l'ombre 10 %",JIN,JIN,0.85,FE60
3,Mont Gauvin/Glen ,Bolt Low 1,40.50,Mid,low,Mid,50.50,50.06,,0.40,,0.00,-72.39736539,Forest,birch_maple,"Bouleau à papier (blanc) 20 %, Érable rouge 20 %, Érable à sucre 20 %, Peupliers naturels 20 %, Feuillus tolérants à l'ombre 10 %, Résineux indéterminés 10 %",JIN,JIN,0.75,FE22
3,Mont Gauvin/Glen ,Bolt Low 2,46.00,Mid,,Mid,46.00,46.00,,0.90,,0.00,-72.39665947,Forest,maple,"Érable à sucre 80 %, Érable rouge 10 %, Feuillus tolérants à l'ombre 10 %",VIN,VIN,0.65,FE22
12,Mont Rigaud,Rig Co-Dom1,35.00,Mid,,Mid,35.00,35.00,0.40,0.40,,0.00,-74.32072261,Agricultural,oak_maple,"Chêne rouge 40 %, Érable à sucre 40 %, Feuillus tolérants à l'ombre 20 %",JIN,JIN,0.95,FE62
12,Mont Rigaud,Rig Co-Dom2,18.50,Low,medium,Mid,53.50,49.30,0.30,0.30,0.20,0.20,-74.3200795,Agricultural,oak_maple,"Chêne rouge 30 %, Érable rouge 30 %, Feuillus tolérants à l'ombre 20 %, Pin blanc 20 %",JIN,JIN,0.85,FC10
12,Mont Rigaud,Rig Dom1,36.00,Mid,high,High,101.00,112.63,0.70,,0.10,0.20,-74.31928002,Agricultural,oak,"Chêne rouge 70 %, Feuillus tolérants à l'ombre 10 %, Pin blanc 10 %, Pruche du Canada (de l'Est) 10 %",JIN,JIN,0.95,FE62
12,Mont Rigaud,Rig Dom2,41.00,Mid,  ,Mid,41.00,41.00,0.70,,0.10,0.20,-74.32101638,Agricultural,oak,"Chêne rouge 70 %, Feuillus tolérants à l'ombre 10 %, Pin blanc 10 %, Pruche du Canada (de l'Est) 10 %",JIN,JIN,0.95,FE62
12,Mont Rigaud,Rig Low 1,7.00,Low,very high,High,107.00,97.60,,,0.40,0.90,-74.31643818,Agricultural,pine_hemlock,"Pin blanc 40 %, Pruche du Canada (de l'Est) 40 %, Sapin baumier 10 %, Feuillus tolérants à l'ombre 10 %",VIN,VIN,0.75,RP12
12,Mont Rigaud,Rig Low 2,8.50,Low,,Low,8.50,8.50,0.10,,0.50,0.80,-74.31719449,Agricultural,pine_hemlock,"Pin blanc 50 %, Pruche du Canada (de l'Est) 30 %, Chêne rouge 10 %, Feuillus tolérants à l'ombre 10 %",JIN,JIN,0.75,RP12
7,Mont Saint Bruno,MSB Co-Dom1,33.00,Mid,,Mid,33.00,33.00,0.40,0.40,,0.00,-73.32406014,Agricultural,oak_maple,"Chêne rouge 40 %, Érable à sucre 40 %, Feuillus tolérants à l'ombre 10 %, Hêtre à grandes feuilles 10 %",JIN,JIN,0.85,FE62
7,Mont Saint Bruno,MSB Co-Dom2,6.25,Low,,Low,6.25,6.25,0.40,0.40,,0.00,-73.32260177,Agricultural,oak_maple,"Chêne rouge 40 %, Érable à sucre 40 %, Feuillus tolérants à l'ombre 10 %, Hêtre à grandes feuilles 10 %",JIN,JIN,0.85,FE62
7,Mont Saint Bruno,MSB Dom1,21.00,Mid,,Mid,21.00,21.00,0.60,0.10,,0.00,-73.30760642,Agricultural,oak,"Chêne rouge 60 %, Feuillus tolérants à l'ombre 20 %, Érable à sucre 10 %, Peupliers naturels 10 %",JIN,JIN,0.95,FC10
7,Mont Saint Bruno,MSB Dom2,42.75,Mid,,Mid,42.75,42.75,0.60,0.10,,0.00,-73.30944251,Agricultural,oak,"Chêne rouge 60 %, Feuillus tolérants à l'ombre 20 %, Érable à sucre 10 %, Peupliers naturels 10 %",JIN,JIN,0.95,FC10
7,Mont Saint Bruno,MSB Low 1,18.50,Low,,Low,18.50,18.50,,0.60,,0.00,-73.32210423,Agricultural,maple,"Érable à sucre 60 %, Hêtre à grandes feuilles 30 %, Feuillus tolérants à l'ombre 10 %",VIN,VIN,0.85,FE12
7,Mont Saint Bruno,MSB Low 2,9.00,Low,,Low,9.00,9.00,,0.60,,0.00,-73.32150142,Agricultural,maple,"Érable à sucre 60 %, Hêtre à grandes feuilles 30 %, Feuillus tolérants à l'ombre 10 %",VIN,VIN,0.85,FE12
8,Mont Saint Bruno 2,MSB2 Co-Dom1,27.50,Mid,low,Mid,37.50,36.49,0.30,0.40,,0.00,-73.30999439,Agricultural,maple_oak,"Érable à sucre 40 %, Chêne rouge 30 %, Frênes 10 %, Feuillus tolérants à l'ombre 10 %, Tilleul d'Amérique 10 %",VIN,VIN,0.95,FE62
8,Mont Saint Bruno 2,MSB2 Co-Dom2,13.00,Low,,Low,13.00,13.00,0.30,0.40,,0.00,-73.30973002,Agricultural,maple_oak,"Érable à sucre 40 %, Chêne rouge 30 %, Frênes 10 %, Feuillus tolérants à l'ombre 10 %, Tilleul d'Amérique 10 %",VIN,VIN,0.95,FE62
8,Mont Saint Bruno 2,MSB2 Dom1,,NA,very high,Very High,100.00,102.27,0.80,0.10,,0.00,-73.30717237,Agricultural,oak,"	Chêne rouge 80 %, Érable à sucre 10 %, Feuillus tolérants à l'ombre 10 %",VIN,VIN,0.95,FE62
8,Mont Saint Bruno 2,MSB2 Dom2,,NA,very high,Very High,100.00,110.03,0.70,0.10,,0.00,-73.31676076,Agricultural,oak,"Chêne rouge 70 %, Érable à sucre 10 %, Feuillus tolérants à l'ombre 10 %, Tilleul d'Amérique 10 %",VIN,VIN,0.95,FE62
8,Mont Saint Bruno 2,MSB2 Low 1,28.00,Mid,,Mid,28.00,28.00,,0.40,0.20,0.30,-73.32006692,Agricultural,maple_hardwood?,"Érable rouge 20 %, Érable à sucre 20 %, Feuillus tolérants à l'ombre 20 %, Ormes 10 %, Pin blanc 20 %, Pruche du Canada (de l'Est) 10 %",VIN,VIN,0.85,FE12
8,Mont Saint Bruno 2,MSB2 Low 2,48.00,Mid,,Mid,48.00,48.00,,0.30,,0.00,-73.31935119,Agricultural,maple_birch,"Érable rouge 30 %, Bouleau jaune 20 %, Frêne noir 20 %, Ormes 20 %, Résineux indéterminés 10 %",JIN,JIN,0.75,FO15
5,Mont Saint Hilaire,MSH Co-Dom1,6.50,Low,,Low,6.50,6.50,0.40,0.40,,0.00,-73.16891816,Agricultural,oak_maple,"Chêne rouge 40 %, Érable à sucre 40 %, Hêtre à grandes feuilles 20 %",VIN,VIN,0.85,FE60
5,Mont Saint Hilaire,MSH Co-Dom2,6.50,Low,low,Low,16.50,16.48,0.40,0.40,,0.00,-73.17018117,Agricultural,oak_maple,"Chêne rouge 40 %, Érable à sucre 40 %, Hêtre à grandes feuilles 20 %",VIN,VIN,0.85,FE60
5,Mont Saint Hilaire,MSH Dom1,26.75,Mid,,Mid,26.75,26.75,0.60,0.40,,0.00,-73.17344857,Agricultural,oak,"Chêne rouge 60 %, Érable à sucre 40 %",90,VIN-even,0.85,FC10
5,Mont Saint Hilaire,MSH Dom2,31.00,Mid,high,High,96.00,86.12,0.60,0.40,,0.00,-73.17399899,Agricultural,oak,"Chêne rouge 60 %, Érable à sucre 40 %",90,VIN-even,0.85,FC10
5,Mont Saint Hilaire,MSH Low 1,12.25,Low,,Low,12.25,12.25,,0.50,,0.00,-73.16377737,Agricultural,maple,"Érable à sucre 50 %, Feuillus tolérants à l'ombre 40 %, Feuillus non commerciaux 10 %",30,JIN-even,0.35,FE22
5,Mont Saint Hilaire,MSH Low 2,0.00,Low,medium,Mid,35.00,31.70,,0.50,,0.00,-73.16351715,Agricultural,maple,"Érable à sucre 50 %, Hêtre à grandes feuilles 20 %, Bouleau jaune 10 %, Frênes 10 %, Tilleul d'Amérique 10 %",VIN,VIN,0.85,FE22
6,Mont Saint Hilaire 2,MSH2 Co-Dom1,9.00,Low,,Low,9.00,9.00,0.40,0.20,0.20,0.20,-73.14159533,Agricultural,oak_maple,"Chêne rouge 40 %, Érable à sucre 20 %, Feuillus tolérants à l'ombre 20 %, Pin rouge 20 %",90,VIN,0.85,FC10
6,Mont Saint Hilaire 2,MSH2 Co-Dom2,27.25,Mid,,Mid,27.25,27.25,0.40,0.40,0.20,0.20,-73.15533176,Agricultural,maple_oak,"Érable à sucre 40 %, Chêne rouge 30 %, Feuillus tolérants à l'ombre 10 %, Pin blanc 20 %",JIN,JIN,0.95,FE62
6,Mont Saint Hilaire 2,MSH2 Dom1,,NA,very high,Very High,100.00,92.10,0.60,0.20,,0.00,-73.14401586,Agricultural,oak,"Chêne rouge 60 %, Érable à sucre 20 %, Feuillus tolérants à l'ombre 20 %",70,VIN-even,0.95,FC10
6,Mont Saint Hilaire 2,MSH2 Dom2,,NA,very high,Very High,100.00,85.57,0.60,0.20,,0.00,-73.14467409,Agricultural,oak,"Chêne rouge 60 %, Érable à sucre 20 %, Feuillus tolérants à l'ombre 20 %",70,VIN-even,0.95,FC10
6,Mont Saint Hilaire 2,MSH2 Low 1,1.00,Low,,Low,1.00,1.00,,0.40,,0.00,-73.14338227,Agricultural,maple_birch,"Érable à sucre 40 %, Bouleau jaune 20 %, Feuillus tolérants à l'ombre 20 %, Feuillus non commerciaux 10 %, Résineux indéterminés 10 %",30,JIN-even,0.45,FE22
6,Mont Saint Hilaire 2,MSH2 Low 2,0.00,Low,,Low,0.00,0.00,,0.40,,0.00,-73.14536431,Agricultural,maple_birch,"Érable à sucre 40 %, Bouleau jaune 20 %, Feuillus tolérants à l'ombre 20 %, Feuillus non commerciaux 10 %, Résineux indéterminés 10 %",30,JIN-even,0.45,FE22
16,Montebello,Mont Co-Dom1,,NA,high,High,0.00,52.16,0.40,0.30,,0.00,-74.96753686,Urban,oak_maple,"Chêne rouge 40 %, Érable rouge 30 %, Feuillus tolérants à l'ombre 20 %, Feuillus intolérants à l'ombre 10 %",VIN,VIN,0.65,FE61
16,Montebello,Mont Co-Dom2,,NA,very high,Very High,100.00,100.27,0.40,0.30,,0.00,-74.96835074,Urban,oak_maple,"Chêne rouge 40 %, Érable rouge 30 %, Feuillus tolérants à l'ombre 20 %, Feuillus intolérants à l'ombre 10 %",VIN,VIN,0.65,FE61
16,Montebello,Mont Dom1,0.00,Low,,Low,0.00,0.00,0.70,0.20,,0.00,-74.96476706,Urban,oak,"Chêne rouge 70 %, Érable rouge 20 %, Feuillus tolérants à l'ombre 10 %",VIN,VIN,0.75,FE61
16,Montebello,Mont Dom2,,NA,very high,Very High,100.00,102.85,0.70,0.20,,0.00,-74.96410883,Urban,oak,"Chêne rouge 70 %, Érable rouge 20 %, Feuillus tolérants à l'ombre 10 %",VIN,VIN,0.75,FE61
16,Montebello,Mont Low 1,2.00,Low,,Low,2.00,2.00,0.10,0.20,,0.30,-74.96264133,Urban,maple_birch,"Érable rouge 20 %, Bouleau jaune 10 %, Chêne rouge 10 %, Feuillus intolérants à l'ombre 10 %, Feuillus tolérants à l'ombre 10 %, Pruche du Canada (de l'Est) 30 %, Résineux indéterminés 10 %",VIN,VIN,0.85,RT11
16,Montebello,Mont Low 2,33.00,Mid,,Mid,33.00,33.00,0.10,0.20,,0.30,-74.96322823,Urban,maple_birch,"Érable rouge 20 %, Bouleau jaune 10 %, Chêne rouge 10 %, Feuillus intolérants à l'ombre 10 %, Feuillus tolérants à l'ombre 10 %, Pruche du Canada (de l'Est) 30 %, Résineux indéterminés 10 %",VIN,VIN,0.85,RT11
14,Notre Dame de Bonsecours,NDB Co-Dom1,,NA,very high,Very High,100.00,83.20,0.30,0.10,,0.00,-74.90107214,Agricultural,poplar_oak,"Peupliers naturels 40 %, Chêne rouge 30 %, Feuillus tolérants à l'ombre 20 %, Érables 10 %",JIN,JIN,0.95,FE25
14,Notre Dame de Bonsecours,NDB Co-Dom2,,NA,very high,Very High,100.00,105.37,0.40,0.20,0.30,0.30,-74.8905013,Agricultural,oak_maple,"Chêne rouge 40 %, Érables 20 %, Feuillus tolérants à l'ombre 10 %, Pin blanc 30 %",VIN,VIN,0.85,RP10
14,Notre Dame de Bonsecours,NDB Dom1,0.00,Low,,Low,0.00,0.00,0.70,,,0.00,-74.90041165,Agricultural,oak,"Chêne rouge 70 %, Feuillus tolérants à l'ombre 30 %",30,JIN-even,0.95,FC10
14,Notre Dame de Bonsecours,NDB Dom2,,NA,very high,Very High,100.00,99.67,0.70,,,0.00,-74.89910105,Agricultural,oak,"Chêne rouge 70 %, Feuillus tolérants à l'ombre 30 %",30,JIN-even,0.95,FC10
14,Notre Dame de Bonsecours,NDB Low 1,,NA,very high,Very High,100.00,81.91,,,0.20,0.20,-74.89483691,Agricultural,hardwood?,"Feuillus tolérants à l'ombre 80 %, Pin blanc 20 %",JIN,JIN,0.85,FC10
14,Notre Dame de Bonsecours,NDB Low 2,43.25,Mid,,High,88.75,43.25,,,,0.00,-74.89228556,Agricultural,hardwood?,"Feuillus tolérants à l'ombre 90 %, Feuillus intolérants à l'ombre 10 %",30,JIN-even,0.95,FC10
17,Papineauville,Pap Co-Dom1,30.00,Mid,,Mid,30.00,30.00,0.40,0.20,,0.00,-75.01871886,Agricultural,oak_maple,"Chêne rouge 40 %, Érable à sucre 20 %, Hêtre à grandes feuilles 20 %, Feuillus intolérants à l'ombre 10 %, Feuillus tolérants à l'ombre 10 %",JIN,JIN,0.95,FE60
17,Papineauville,Pap Co-Dom2,,NA,very high,Very High,100.00,98.51,0.40,0.20,,0.00,-75.01925924,Agricultural,oak_maple,"Chêne rouge 40 %, Érable à sucre 20 %, Hêtre à grandes feuilles 20 %, Feuillus intolérants à l'ombre 10 %, Feuillus tolérants à l'ombre 10 %",JIN,JIN,0.95,FE60
17,Papineauville,Pap Dom1,86.25,Very High,,High,86.25,86.25,0.80,0.10,,0.00,-75.02361054,Agricultural,oak,"Chêne rouge 80 %, Érables 10 %, Résineux indéterminés 10 %",JIN,JIN,0.85,FC10
17,Papineauville,Pap Dom2,9.00,Low,medium,Mid,44.00,30.91,0.80,0.10,,0.00,-75.02394858,Agricultural,oak,"Chêne rouge 80 %, Érables 10 %, Résineux indéterminés 10 %",JIN,JIN,0.85,FC10
17,Papineauville,Pap Low 1,29.50,Mid,high,High,94.50,94.81,0.10,0.40,0.10,0.10,-75.02076647,Agricultural,maple_hardwood?,"Érable rouge 40 %, Feuillus tolérants à l'ombre 20 %, Bouleau à papier (blanc) 10 %, Chêne rouge 10 %, Érable à sucre 10 %, Pin blanc 10 %",JIN,JIN,0.35,FE62
17,Papineauville,Pap Low 2,,NA,very high,Very High,100.00,83.45,0.10,0.50,0.10,0.10,-75.02165889,Agricultural,maple_hardwood?,"Érable rouge 40 %, Feuillus tolérants à l'ombre 20 %, Bouleau à papier (blanc) 10 %, Chêne rouge 10 %, Érable à sucre 10 %, Pin blanc 10 %",JIN,JIN,0.35,FE62
9,Parc Michel Chartrand,MC Co-Dom1,78.00,High,,High,78.00,78.00,0.30,0.20,,0.00,-73.47920313,Urban,oak_maple,"Chênes 30 %, Érable rouge 20 %, Frênes 20 %, Feuillus tolérants à l'ombre 20 %, Ormes 10 %",JIN,JIN,0.85,FE15
9,Parc Michel Chartrand,MC Co-Dom2,68.25,High,,High,68.25,68.25,0.30,0.20,,0.00,-73.47765416,Urban,oak_maple,"Chênes 30 %, Érable rouge 20 %, Frênes 20 %, Feuillus tolérants à l'ombre 20 %, Ormes 10 %",JIN,JIN,0.85,FE15
9,Parc Michel Chartrand,MC Dom1,92.50,Very High,,Very High,169.00,92.50,0.70,0.20,,0.00,-73.46258224,Urban,oak,"Chêne rouge 70 %, Érable à sucre 20 %, Feuillus tolérants à l'ombre 10 %",VIN,VIN,0.95,FE62
9,Parc Michel Chartrand,MC Dom2,44.00,Mid,,Mid,44.00,44.00,0.60,0.20,,0.00,-73.46073948,Urban,oak,"Chêne rouge 60 %, Érable à sucre 20 %, Érables 10 %, Feuillus tolérants à l'ombre 10 %",VIN,VIN,0.95,FE62
9,Parc Michel Chartrand,MC Low 1,80.75,Very High,low,High,90.75,95.03,0.10,0.50,,0.00,-73.46782537,Urban,maple,"Érable rouge 50 %, Frênes 20 %, Chêne rouge 10 %, Frêne noir 10 %, Ormes 10 %",JIN,JIN,0.75,FE15
9,Parc Michel Chartrand,MC Low 2,57.75,High,low,High,67.75,66.18,0.10,0.50,,0.00,-73.46725222,Urban,maple,"Érable rouge 50 %, Frênes 20 %, Chêne rouge 10 %, Frêne noir 10 %, Ormes 10 %",JIN,JIN,0.75,FE15
1,Parc National de Mont Orford,MO Co-Dom1,81.75,Very High,,High,81.75,81.75,0.40,0.40,,0.20,-72.24774767,Forest,oak_maple,"Chêne rouge 40 %, Érable à sucre 40 %, Épinette rouge 10 %, Sapin baumier 10 %",JIN,JIN,0.85,FE60
1,Parc National de Mont Orford,MO Co-Dom2,59.25,High,medium,Very High,94.25,101.85,0.40,0.40,,0.20,-72.24870128,Forest,oak_maple,"Chêne rouge 40 %, Érable à sucre 40 %, Épinette rouge 10 %, Sapin baumier 10 %",JIN,JIN,0.85,FE60
1,Parc National de Mont Orford,MO Dom1,53.00,High,,Very High,105.00,53.00,0.50,0.40,,0.00,-72.22841179,Forest,oak,"Chêne rouge 50 %, Érable à sucre 40 %, Hêtre à grandes feuilles 10 %",VIN,VIN,0.85,FE60
1,Parc National de Mont Orford,MO Dom2,50.50,High,,Very High,104.75,50.50,0.50,0.40,,0.00,-72.22731544,Forest,oak,"Chêne rouge 50 %, Érable à sucre 40 %, Hêtre à grandes feuilles 10 %",VIN,VIN,0.85,FE60
1,Parc National de Mont Orford,MO Low 1,54.25,High,,Very High,110.25,54.25,,0.60,,0.00,-72.2241646,Forest,maple,"Érable à sucre 60 %, Frênes 20 %, Bouleau jaune 10 %, Hêtre à grandes feuilles 10 %",JIN,JIN,0.95,FE22
1,Parc National de Mont Orford,MO Low 2,55.25,High,,High,100.50,55.25,,0.40,0.20,0.40,-72.2230457,Forest,maple_birch,"Érable rouge 40 %, Bouleau à papier (blanc) 10 %, Feuillus intolérants à l'ombre 10 %, Pin blanc 20 %, Épinette rouge 10 %, Pruche du Canada (de l'Est) 10 %",JIN,JIN,0.65,MJ12
2,Parc National de Mont Orford 2,MO2 Co-Dom1,62.75,High,,High,62.75,62.75,0.30,0.40,,0.00,-72.19172705,Forest,maple_oak,"Érable à sucre 40 %, Chêne rouge 30 %, Bouleau jaune 20 %, Hêtre à grandes feuilles 10 %",JIN,JIN,0.85,FE60
2,Parc National de Mont Orford 2,MO2 Co-Dom2,34.25,Mid,high,High,99.25,87.43,0.30,0.40,,0.00,-72.19164323,Forest,maple_oak,"Érable à sucre 40 %, Chêne rouge 30 %, Bouleau jaune 20 %, Hêtre à grandes feuilles 10 %",JIN,JIN,0.85,FE60
2,Parc National de Mont Orford 2,MO2 Dom1,76.00,High,,High,76.00,76.00,0.40,0.30,0.20,0.20,-72.19366821,Forest,oak_maple,"Chêne rouge 40 %, Érable à sucre 20 %, Bouleau jaune 10 %, Érable rouge 10 %, Pin blanc 20 %",JIN,JIN,0.65,FE60
2,Parc National de Mont Orford 2,MO2 Dom2,50.75,High,low,High,60.75,53.18,0.40,0.30,0.20,0.20,-72.19298434,Forest,oak_maple,"Chêne rouge 40 %, Érable à sucre 20 %, Bouleau jaune 10 %, Érable rouge 10 %, Pin blanc 20 %",JIN,JIN,0.65,FE60
2,Parc National de Mont Orford 2,MO2 Low 1,18.25,Low,,Low,18.25,18.25,,0.20,,0.30,-72.1959201,Forest,birch_maple,"Bouleau jaune 20 %, Érable rouge 20 %, Bouleau à papier (blanc) 10 %, Frênes 10 %, Pruche du Canada (de l'Est) 20 %, Résineux indéterminés 10 %, Sapin baumier 10 %",50,JIN-even,0.75,RS12
2,Parc National de Mont Orford 2,MO2 Low 2,32.25,Mid,low,Mid,42.25,35.37,,0.30,,0.10,-72.19618865,Forest,maple_ash,"Érable à sucre 30 %, Frênes 30 %, Bouleau jaune 20 %, Feuillus intolérants à l'ombre 10 %, Sapin baumier et épinette blanche 10 %",VIN,VIN,0.85,FE20
11,Parc National Oka,Oka Co-Dom1,77.25,High,,Very High,140.25,77.25,0.40,0.30,0.40,0.40,-74.04410692,Agricultural,oak_maple,"	Chêne rouge 30 %, Érable rouge 30 %, Pin blanc 40 %",90,VIN-even,0.85,MJ11
11,Parc National Oka,Oka Co-Dom2,49.50,Mid,,High,122.00,49.50,0.30,0.30,0.40,0.40,-74.04108427,Agricultural,oak_maple,"	Chêne rouge 30 %, Érable rouge 30 %, Pin blanc 40 %",90,VIN-even,0.85,MJ11
11,Parc National Oka,Oka Dom1,68.00,High,,High,108.75,68.00,0.40,0.40,0.10,0.10,-74.05421091,Agricultural,oak_maple,"Chêne rouge 40 %, Érable rouge 40 %, Feuillus tolérants à l'ombre 10 %, Pin blanc 10 %",VIN,VIN,0.95,FE14
11,Parc National Oka,Oka Dom2,79.25,High,,Very High,156.50,79.25,0.40,0.40,0.10,0.10,-74.05583088,Agricultural,oak_maple,"Chêne rouge 40 %, Érable rouge 40 %, Feuillus tolérants à l'ombre 10 %, Pin blanc 10 %",VIN,VIN,0.95,FE61
11,Parc National Oka,Oka Low 1,,NA,very high,Very High,100.00,115.28,0.10,0.20,0.70,0.70,-74.03833299,Agricultural,pine,"Pin blanc 70 %, Érable rouge 20 %, Chêne rouge 10 %",90,VIN-even,0.95,RP11
11,Parc National Oka,Oka Low 2,41.00,Mid,very high,Very High,141.00,150.25,0.10,0.20,0.70,0.70,-74.03690161,Agricultural,pine,"Pin blanc 70 %, Érable rouge 20 %, Chêne rouge 10 %",90,VIN-even,0.95,RP11
10,Parc-nature de la Pointe-aux-Prairies,PP Co-Dom1,97.50,Very High,,High,29.00,97.50,0.20,0.20,,0.00,-73.51262731,Urban,ash,"Frênes 50 %, Chênes 20 %, Érable rouge 20 %, Feuillus tolérants à l'ombre 10 %",70,VIN-even,0.85,FE16
10,Parc-nature de la Pointe-aux-Prairies,PP Co-Dom2,64.25,High,high,Very High,43.00,127.86,0.20,0.40,,0.00,-73.51106636,Urban,maple_oak,"Érable rouge 40 %, Chênes 20 %, Frênes 20 %, Feuillus tolérants à l'ombre 20 %",JIN,JIN,0.85,FE16
10,Parc-nature de la Pointe-aux-Prairies,PP Dom1,29.00,Mid,,Mid,97.50,29.00,0.30,0.20,,0.00,-73.51736225,Urban,maple_hardwood?,"Chêne rouge 30 %, Feuillus tolérants à l'ombre 30 %, Érable à sucre 20 %, Frênes 10 %, Ormes 10 %",JIN,JIN,0.85,FE13
10,Parc-nature de la Pointe-aux-Prairies,PP Dom2,8.00,Low,medium,Mid,129.25,52.31,0.30,0.20,,0.00,-73.51497383,Urban,maple_hardwood?,"Chêne rouge 30 %, Feuillus tolérants à l'ombre 30 %, Érable à sucre 20 %, Frênes 10 %, Ormes 10 %",JIN,JIN,0.85,FE13
10,Parc-nature de la Pointe-aux-Prairies,PP Low 1,21.00,Mid,,Mid,21.00,21.00,,0.10,,0.00,-73.51602609,Urban,ash_poplar,"Frênes 40 %, Peupliers naturels 40 %, Érable rouge 10 %, Feuillus non commerciaux 10 %",30,JIN-even,0.25,FE16
10,Parc-nature de la Pointe-aux-Prairies,PP Low 2,40.25,Mid,low,Mid,50.25,48.86,,0.10,,0.00,-73.51583172,Urban,ash_poplar,"Frênes 40 %, Peupliers naturels 40 %, Érable rouge 10 %, Feuillus non commerciaux 10 %",30,JIN-even,0.25,FE16
,,,,,,,,Low,,,,,,,,,,,,
,,,,,,,,Low,,,,,,,,,,,,
,,,,,,,,Low,,,,,,,,,,,,
,,,,,,,,Low,,,,,,,,,,,,
,,,,,,,,Low,,,,,,,,,,,,
,,,,,,,,Low,,,,,,,,,,,,
,,,,,,,,Low,,,,,,,,,,,,
,,,,,,,,Low,,,,,,,,,,,,
,,,,,,,,Low,,,,,,,,,,,,
,,,,,,,,Low,,,,,,,,,,,,
,,,,,,,,Low,,,,,,,,,,,,
,,,,,,,,Low,,,,,,,,,,,,
,,,,,,,,Low,,,,,,,,,,,,
,,,,,,,,Low,,,,,,,,,,,,
,,,,,,,,Low,,,,,,,,,,,,
,,,,,,,,Low,,,,,,,,,,,,