Date,Patch name,Stand Type ,Trap Name,Mass (g),Moth Count,Head Count,Body Count,Wing Count,Total Moth,"""Muck"" Mass (g)",Other Species (in lab),Field Notes,Lab notes,,,,,,,,,,,,,
15/07/2024,Mont Saint Hilaire,Oak,MSHOak1.1,0,0,0,0,0,0,NA,0,no moths ,NA,,,,,,,,,,,,,
15/07/2024,Mont Saint Hilaire,Oak,MSHOak1.2,0,0,0,0,0,0,NA,0,no moths ,NA,,,,,,,,,,,,,
15/07/2024,Mont Saint Hilaire,Oak,MSHOak1.3,0.0929,1,0,0,0,1,NA,0,NA,NA,,,,,,,,,,,,,
15/07/2024,Mont Saint Hilaire,Oak,MSHOak1.4,0.1308,3,0,0,0,3,NA,0,NA,NA,,,,,,,,,,,,,
15/07/2024,Mont Saint Hilaire,Oak/Pine,MSH2Oak1.1,0,0,0,0,0,0,NA,0,no moths ,NA,,,,,,,,,,,,,
15/07/2024,Mont Saint Hilaire,Oak/Pine,MSH2Oak1.2,0,0,0,0,0,0,NA,0,no moths ,NA,,,,,,,,,,,,,
16/07/2024,Mont Saint Hilaire,Pine,MSHPine1.1,0.1360,2,0,0,0,2,NA,0,NA,NA,,,,,,,,,,,,,
16/07/2024,Mont Saint Hilaire,Oak/Pine,MSH2Oak1.3,0,0,0,0,0,0,NA,0,no moths ,NA,,,,,,,,,,,,,
16/07/2024,Mont Saint Hilaire,Pine/Oak,MSHOP1.1,0.0567,1,0,0,0,1,NA,0,2 tussoch moths,NA,,,,,,,,,,,,,
16/07/2024,Mont Saint Hilaire,Pine/Oak,MSHOP1.2,NA,NA,NA,NA,NA,NA,NA,NA,MISSING IN FIELD,NA,,,,,,,,,,,,,
16/07/2024,Mont Saint Hilaire,Oak/Pine,MSHOP2.1,0,0,0,0,0,0,NA,0,no moths ,NA,,,,,,,,,,,,,
16/07/2024,Mont Saint Hilaire,Oak/Pine,MSHOP2.2,0,0,0,0,0,0,NA,0,no moths ,NA,,,,,,,,,,,,,
16/07/2024,Mont Saint Hilaire,Oak/Pine,MSHOP2.3,0.0445,1,0,0,0,1,NA,0,1 tussoch moth,NA,,,,,,,,,,,,,
15/07/2024,Mont Saint Hilaire,MOM,MSHMOM,0,0,0,0,0,0,NA,0,no moths ,NA,,,,,,,,,,,,,
15/07/2024,Mont Saint Hilaire,MOM,MSH2MOM,0,0,0,0,0,0,NA,0,no moths ,NA,,,,,,,,,,,,,
15/07/2024,Mont Saint Hilaire,MOM,MSH2MOM2,0,0,0,0,0,0,NA,0,no moths ,NA,,,,,,,,,,,,,
16/07/2024,Mont Saint Hilaire,Oak/Pine,MSH2Oak1.4,0,0,0,0,0,0,NA,0,no moths ,NA,,,,,,,,,,,,,
17/07/2024,Orford,pine,MO2Pine2.1,0,0,0,0,0,0,NA,0,no moths ,NA,,,,,,,,,,,,,
17/07/2024,Orford,pine,MO2Pine2.2,0,0,0,0,0,0,NA,0,no moths ,NA,,,,,,,,,,,,,
17/07/2024,Orford,pine,MO2Pine1.1,0,0,0,0,0,0,NA,0,no moths ,NA,,,,,,,,,,,,,
17/07/2024,Orford,pine,MO2Pine1.2,0,0,0,0,0,0,NA,0,trap found open at bottom - closed back up ,NA,,,,,,,,,,,,,
17/07/2024,Orford,oak,MO2Oak1.1,0,0,0,0,0,0,NA,0,no moths ,NA,,,,,,,,,,,,,
17/07/2024,Orford,oak,MO2Oak 1.2,0,0,0,0,0,0,NA,0,2 tussoch moths,NA,,,,,,,,,,,,,
17/07/2024,Orford,oak,MO2Oak1.3,0,0,0,0,0,0,NA,0,no moths ,NA,,,,,,,,,,,,,
17/07/2024,Orford,pine,MO2Pine3.1,0,0,0,0,0,0,NA,0,no moths ,NA,,,,,,,,,,,,,
17/07/2024,Orford,pine,MO2Pine3.2,0,0,0,0,0,0,NA,0,1 unknown moth,NA,,,,,,,,,,,,,
17/07/2024,Orford,MOM,MO2MOM,0,0,0,0,0,0,NA,0,no moths ,NA,,,,,,,,,,,,,
18/07/2024,Orford,MOM,MOMOM,0,0,0,0,0,0,NA,0,no moths ,NA,,,,,,,,,,,,,
18/07/2024,Orford,Oak,MOOak1.1,0,0,0,0,0,0,NA,0,no moths ,NA,,,,,,,,,,,,,
18/07/2024,Orford,Oak,MOOak1.2,0,0,0,0,0,0,NA,0,no moths ,NA,,,,,,,,,,,,,
18/07/2024,Orford,Oak,MOOak1.3,0,0,0,0,0,0,NA,0,no moths ,NA,,,,,,,,,,,,,
18/07/2024,Orford,Oak,MOOak2.1,0.1135,1,0,0,0,1,NA,0,NA,NA,,,,,,,,,,,,,
18/07/2024,Orford,Oak,MOOak2.2,0,0,0,0,0,0,NA,0,no moths ,NA,,,,,,,,,,,,,
18/07/2024,Orford,Oak,MOOak2.3,0,0,0,0,0,0,NA,0,no moths ,NA,,,,,,,,,,,,,
18/07/2024,Orford,Oak,MOOak3.1,0,0,0,0,0,0,NA,0,no moths ,NA,,,,,,,,,,,,,
18/07/2024,Orford,Oak,MOOak3.2,0,0,0,0,0,0,NA,0,no moths ,NA,,,,,,,,,,,,,
18/07/2024,Orford,Oak,MOOak3.3,0,0,0,0,0,0,NA,0,no moths ,NA,,,,,,,,,,,,,
18/07/2024,Orford,Pine,MOPine1.1,0,0,0,0,0,0,NA,0,no moths ,NA,,,,,,,,,,,,,
18/07/2024,Orford,Pine,MOPine1.2,0,0,0,0,0,0,NA,0,no moths ,NA,,,,,,,,,,,,,
18/07/2024,Orford,Pine,MOPine2.1,0,0,0,0,0,0,NA,0,no moths ,NA,,,,,,,,,,,,,
18/07/2024,Orford,Pine,MOPine2.2,0.0986,1,0,0,0,1,NA,0,NA,NA,,,,,,,,,,,,,
18/07/2024,Orford,Pine,MOPine2.3,0,0,0,0,0,0,NA,0,no moths ,NA,,,,,,,,,,,,,
18/07/2024,Orford,Pine,MO2Pine4.1,0.0212,1,0,0,0,1,NA,0,NA,NA,,,,,,,,,,,,,
18/07/2024,Orford,Pine,MO2Pine4.2,0.1166,1,0,0,0,1,NA,0,NA,NA,,,,,,,,,,,,,
22/07/2024,Oka,MOM,OkaMOM2,NA,23,0,0,0,23,NA,0,NA,NA,,,,,,,,,,,,,
22/07/2024,Oka,Oak,OkaOak1.1,7.4017,102,0,0,0,102,NA,0,NA,NA,,,,,,,,,,,,,
22/07/2024,Oka,Oak,OkaOak1.2,4.6585,61,0,0,0,61,NA,0,NA,NA,,,,,,,,,,,,,
22/07/2024,Oka,Oak,OkaOak1.3,3.345,43,0,0,0,43,NA,0,NA,NA,,,,,,,,,,,,,
22/07/2024,Oka,Oak,OkaOak1.4,3.0355,38,0,0,0,38,NA,0,NA,NA,,,,,,,,,,,,,
22/07/2024,Oka,Oak,OkaOak1.5,1.0043,13,0,0,0,13,NA,0,NA,NA,,,,,,,,,,,,,
22/07/2024,Oka,Oak,OkaOak1.6,3.6032,42,0,0,0,42,NA,1,NA,tiny little ant thing ,,,,,,,,,,,,,
22/07/2024,Oka,Pine,OkaPine1.1,4.5115,56,0,0,0,56,NA,0,NA,NA,,,,,,,,,,,,,
22/07/2024,Oka,Pine,OkaPine1.2,2.9956,37,0,0,0,37,NA,0,NA,NA,,,,,,,,,,,,,
22/07/2024,Oka,Pine,OkaPine1.3,2.3188,27,0,0,0,27,NA,0,NA,NA,,,,,,,,,,,,,
22/07/2024,Oka,Pine,OkaPine1.4,1.3645,19,0,0,0,19,NA,1,NA,tiny little beige moth found ,,,,,,,,,,,,,
22/07/2024,Oka,Pine,OkaPine1.5,2.2659,30,0,0,0,30,NA,0,NA,NA,,,,,,,,,,,,,
22/07/2024,Oka,Pine,OkaPine1.6,2.1692,26,0,0,0,26,NA,0,NA,NA,,,,,,,,,,,,,
22/07/2024,Oka,Pine,OkaPine1.7,1.4238,18,0,0,0,18,NA,0,NA,NA,,,,,,,,,,,,,
22/07/2024,Oka,Oak/Pine,OkaOP2.1,2.404,30,0,0,0,30,NA,0,NA,NA,,,,,,,,,,,,,
22/07/2024,Oka,Oak/Pine,OkaOP2.2,0.8939,12,0,0,0,12,NA,0,NA,NA,,,,,,,,,,,,,
22/07/2024,Oka,Oak/Pine,OkaOP2.3,7.078,93,0,0,0,93,NA,0,NA,NA,,,,,,,,,,,,,
22/07/2024,Oka,Pine,OkaPine2.1,7.822,115,0,0,0,115,NA,0,NA,NA,,,,,,,,,,,,,
22/07/2024,Oka,Pine,OkaPine2.2,5.473,76,0,0,0,76,NA,0,NA,NA,,,,,,,,,,,,,
22/07/2024,Oka,Pine,OkaPine2.3,2.6138,32,0,0,0,32,NA,0,NA,NA,,,,,,,,,,,,,
22/07/2024,Oka,Pine,OkaPine2.4,2.8068,33,0,0,0,33,NA,0,NA,NA,,,,,,,,,,,,,
22/07/2024,Oka,Pine,OkaPine2.5,1.0896,13,0,0,0,13,NA,0,NA,NA,,,,,,,,,,,,,
22/07/2024,Oka,MOM,OkaMOM1,NA,31,0,0,0,31,NA,0,NA,NA,,,,,,,,,,,,,
23/07/2024,Oka,Pine/Oak,OkaOP3.1,2.0223,28,0,0,0,28,NA,0,NA,NA,,,,,,,,,,,,,
23/07/2024,Oka,Pine/Oak,OkaOP3.2,1.5265,21,0,0,0,21,NA,0,NA,NA,,,,,,,,,,,,,
23/07/2024,Oka,Pine/Oak,OkaOP3.3,2.2873,27,0,0,0,27,NA,0,NA,NA,,,,,,,,,,,,,
23/07/2024,Oka,Pine/Oak,OkaOP3.4,2.3931,35,0,0,0,35,NA,0,NA,NA,,,,,,,,,,,,,
23/07/2024,Oka,Pine/Oak,OkaOP3.5,1.9842,27,0,0,0,27,NA,0,NA,NA,,,,,,,,,,,,,
23/07/2024,Oka,Pine/Oak,OkaOP3.6,4.2652,57,0,0,0,57,NA,0,1 tussoch moth,NA,,,,,,,,,,,,,
23/07/2024,Oka,Oak/Pine,OkaOP1.1,6.2333,95,0,0,0,96,NA,0,NA,NA,,,,,,,,,,,,,
23/07/2024,Oka,Oak/Pine,OkaOP1.2,9.7215,144,0,0,0,144,NA,0,NA,NA,,,,,,,,,,,,,
23/07/2024,Oka,Oak/Pine,OkaOP1.3,5.5405,73,0,0,0,73,NA,0,NA,NA,,,,,,,,,,,,,
23/07/2024,Oka,Oak/Pine,OkaOP1.4,1.9245,29,0,0,0,29,NA,1,NA,1 small fly,,,,,,,,,,,,,
23/07/2024,Oka,Pine,OkaPine3.1,2.9515,36,0,0,0,36,NA,0,1 tussoch moth,NA,,,,,,,,,,,,,
23/07/2024,Oka,Pine,OkaPine3.2,1.6721,22,0,0,0,22,NA,0,NA,NA,,,,,,,,,,,,,
23/07/2024,Oka,Pine,OkaPine3.3,1.8873,24,0,0,0,24,NA,0,NA,NA,,,,,,,,,,,,,
23/07/2024,Oka,Pine,OkaPine3.4,1.3805,17,0,0,0,17,NA,0,NA,NA,,,,,,,,,,,,,
23/07/2024,Oka,Pine,OkaPine3.5,1.3278,17,0,0,0,17,NA,0,NA,NA,,,,,,,,,,,,,
24/07/2024,Notre Dame de Bonsecours,Oak,NDBOak1.1,1.6175,19,0,0,0,19,NA,0,NA,NA,,,,,,,,,,,,,
24/07/2024,Notre Dame de Bonsecours,Oak,NDBOak1.2,1.7895,21,0,0,0,21,NA,2,NA,1 small spider and Daddy long leg body ,,,,,,,,,,,,,
24/07/2024,Notre Dame de Bonsecours,Oak,NDBOak1.3,1.6605,17,0,0,0,17,NA,1,NA,Daddy long leg body + legs,,,,,,,,,,,,,
24/07/2024,Notre Dame de Bonsecours,Oak,NDBOak1.4,1.9685,24,0,0,0,24,NA,0,NA,NA,,,,,,,,,,,,,
24/07/2024,Notre Dame de Bonsecours,Pine,NBDPine2.1,0.5109,6,0,0,0,6,NA,0,1 tussoch moth,NA,,,,,,,,,,,,,
24/07/2024,Notre Dame de Bonsecours,Pine,NBDPine2.2,1.0186,12,0,0,0,12,NA,0,beetles and lots of flies ,NA,,,,,,,,,,,,,
25/07/2024,Papineauville,Oak,PAPOak1.1,2.9672,31,0,0,0,31,NA,0,NA,NA,,,,,,,,,,,,,
25/07/2024,Papineauville,Oak,PAPOak1.2,2.1857,22,0,0,0,22,NA,0,NA,NA,,,,,,,,,,,,,
25/07/2024,Papineauville,Oak,PAPOak2.1,2.9965,31,0,0,0,31,NA,0,NA,NA,,,,,,,,,,,,,
25/07/2024,Papineauville,Oak,PAPOak2.2,3.4798,39,0,0,0,39,NA,0,NA,NA,,,,,,,,,,,,,
25/07/2024,Papineauville,Oak/Pine,PAPOP1.1,3.5277,37,0,0,0,37,NA,0,NA,NA,,,,,,,,,,,,,
25/07/2024,Papineauville,Oak/Pine,PAPOP1.2,3.4245,36,0,0,0,36,NA,0,NA,NA,,,,,,,,,,,,,
25/07/2024,Montebello,Oak,MontOak1.1,5.2375,57,0,0,0,57,NA,0,NA,NA,,,,,,,,,,,,,
25/07/2024,Montebello,Oak,MontOak1.2,4.2615,35,0,0,0,35,NA,0,NA,NA,,,,,,,,,,,,,
25/07/2024,Montebello,Pine,MontPine2.1,4.3329,44,0,0,0,44,NA,0,NA,NA,,,,,,,,,,,,,
25/07/2024,Montebello,Pine,MontPine2.2,0.9917,12,0,0,0,12,NA,0,NA,NA,,,,,,,,,,,,,
25/07/2024,Montebello,Pine,MontPine2.3,1.9502,22,0,0,0,22,NA,0,NA,NA,,,,,,,,,,,,,
25/07/2024,Montebello,MOM,MontMOM,NA,21,0,0,0,21,NA,0,NA,NA,,,,,,,,,,,,,
25/07/2024,Montebello,Oak,MontOak2.1,0.7036,8,0,0,0,8,NA,0,NA,NA,,,,,,,,,,,,,
25/07/2024,Montebello,Oak,MontOak2.2,2.2237,26,0,0,0,26,NA,0,NA,NA,,,,,,,,,,,,,
25/07/2024,Montebello,Pine,MontPine1.1,1.1568,12,0,0,0,12,NA,4,NA,4 black flies big and small,,,,,,,,,,,,,
25/07/2024,Montebello,Pine,MontPine1.2,2.1763,23,0,0,0,23,NA,0,NA,NA,,,,,,,,,,,,,
25/07/2024,Montebello,Oak/Pine,Mont2OP2.1,1.8106,20,1,0,4,21,NA,0,NA,20 intact moths + 1 head and 4 wings = 21,,,,,,,,,,,,,
25/07/2024,Montebello,Oak/Pine,Mont2OP2.2,2.6337,30,0,0,0,30,NA,0,NA,NA,,,,,,,,,,,,,
25/07/2024,Montebello,Pine,Mont2Pine1.1,1.1575,14,0,0,0,14,NA,0,already a lot of beetles - moths seem to be largely intact,NA,,,,,,,,,,,,,
25/07/2024,Montebello,Pine,Mont2Pine1.2,4.8233,49,0,0,0,49,NA,0,NA,NA,,,,,,,,,,,,,
25/07/2024,Montebello,Pine/Oak,Mont2OP1.1,1.5639,16,0,0,0,16,NA,0,NA,NA,,,,,,,,,,,,,
25/07/2024,Montebello,Pine/Oak,Mont2OP1.2,1.1219,11,0,0,0,11,NA,0,NA,NA,,,,,,,,,,,,,
26/07/2024,Notre Dame de Bonsecours,Oak/Pine,NDBOP1.1,NA,NA,NA,NA,NA,NA,NA,NA,Trap completely demolished removed July 26,NA,,,,,,,,,,,,,
26/07/2024,Notre Dame de Bonsecours,MOM,NDBMOM,NA,57,0,0,0,57,NA,0,already had beetles ,NA,,,,,,,,,,,,,
26/07/2024,Notre Dame de Bonsecours,Pine,NDBPine1.1,6.6011,68,0,0,0,68,NA,0,NA,NA,,,,,,,,,,,,,
26/07/2024,Notre Dame de Bonsecours,Oak/Pine,NDBOP2.1,2.8689,30,0,0,0,30,NA,0,NA,NA,,,,,,,,,,,,,
26/07/2024,Notre Dame de Bonsecours,Oak/Pine,NDBOP2.2,4.5682,46,0,0,0,46,NA,2,NA,2 daddy long legs ,,,,,,,,,,,,,
26/07/2024,Notre Dame de Bonsecours,Oak/Pine,NDBOP2.3,3.7044,42,0,0,0,42,NA,0,NA,NA,,,,,,,,,,,,,
29/07/2024,Rigaud,Pine/Oak,RigOP1.1,0.6396,10,0,0,0,10,NA,1,NA,1 small spider,,,,,,,,,,,,,
29/07/2024,Rigaud,Pine/Oak,RigOP1.2,0.4017,5,0,0,0,5,NA,0,NA,NA,,,,,,,,,,,,,
29/07/2024,Rigaud,Pine/Oak,RigOP1.3,0.5924,8,0,0,0,8,NA,0,NA,NA,,,,,,,,,,,,,
29/07/2024,Rigaud,Oak/Pine,RigOP2.1,4.0153,61,0,0,0,61,NA,0,NA,NA,,,,,,,,,,,,,
29/07/2024,Rigaud,Oak/Pine,RigOP2.2,1.8852,22,0,0,0,22,NA,0,NA,NA,,,,,,,,,,,,,
29/07/2024,Rigaud,Oak/Pine,RigOP3.1,0.5131,7,0,0,0,7,NA,0,NA,NA,,,,,,,,,,,,,
29/07/2024,Rigaud,Oak/Pine,RigOP3.2,3.1413,36,0,0,0,36,NA,0,NA,NA,,,,,,,,,,,,,
29/07/2024,Rigaud,Oak/Pine,RigOP3.3,0.2639,6,0,0,0,6,NA,0,"trap torn on one side, may have lost some moths (taped up)",NA,,,,,,,,,,,,,
29/07/2024,Rigaud,Pine,RigPine2.1,1.0678,12,0,0,0,12,NA,0,NA,NA,,,,,,,,,,,,,
29/07/2024,Rigaud,Pine,RigPine2.2,0.2437,3,0,0,0,3,NA,0,NA,NA,,,,,,,,,,,,,
29/07/2024,Rigaud,Pine,RigPine2.3,1.7554,19,0,0,0,19,NA,0,NA,NA,,,,,,,,,,,,,
29/07/2024,Rigaud,Pine,RigPine3.1,2.0149,25,0,0,0,25,NA,0,NA,NA,,,,,,,,,,,,,
29/07/2024,Rigaud,Pine,RigPine3.2,0.5344,7,0,0,0,7,NA,0,NA,NA,,,,,,,,,,,,,
30/07/2024,Rigaud,Oak/Pine,RigOP4.1,0.3639,11,0,0,4,11,NA,4,"a lot of muck, only able to collect a few moths pieces ",11 somewhat intact moths + 4 wings = 11 because no other bodies/heads. Also a couple of flies and other tiny insect body parts ,,,,,,,,,,,,,
30/07/2024,Rigaud,Oak/Pine,RigOP4.2,2.3154,35,0,0,0,35,NA,20,3 beetles but moths intact ,many tiny little flies ,,,,,,,,,,,,,
30/07/2024,Rigaud,Oak,RigOak1.1,1.9312,25,0,0,0,25,NA,5,NA,tiny little flies,,,,,,,,,,,,,
30/07/2024,Rigaud,Oak,RigOak1.2,2.6175,33,0,0,0,33,NA,0,NA,NA,,,,,,,,,,,,,
30/07/2024,Rigaud,Oak,RigOak1.3,1.4477,17,0,0,0,17,NA,0,NA,NA,,,,,,,,,,,,,
30/07/2024,Rigaud,Oak,RigOak1.4,2.1446,30,0,0,0,30,NA,0,NA,NA,,,,,,,,,,,,,
30/07/2024,Rigaud,Oak,RigOak1.5,6.4402,82,0,0,0,82,NA,0,NA,NA,,,,,,,,,,,,,
30/07/2024,Rigaud,Pine,RigPine4.1,4.1022,51,0,0,0,51,NA,0,1 unidentified moth,NA,,,,,,,,,,,,,
30/07/2024,Rigaud,Pine,RigPine5.1,4.0068,55,0,0,0,55,NA,0,NA,NA,,,,,,,,,,,,,
30/07/2024,Rigaud,Oak/Pine,RigOP5.1,5.0103,67,0,0,0,67,NA,0,NA,NA,,,,,,,,,,,,,
30/07/2024,Rigaud,MOM,RigMOM,NA,76,0,0,0,76,NA,0,NA,NA,,,,,,,,,,,,,
01/08/2024,Mont Saint Hilaire,MOM,MSH2MOM2,NA,6,0,0,0,6,NA,0,little decomposition,NA,,,,,,,,,,,,,
01/08/2024,Mont Saint Hilaire,MOM,MSH2MOM,NA,6,0,0,0,6,NA,0,little decomposition,NA,,,,,,,,,,,,,
01/08/2024,Mont Saint Hilaire,MOM,MSHMOM,NA,19,0,0,0,19,NA,0,some decomposition ,NA,,,,,,,,,,,,,
01/08/2024,Mont Saint Hilaire,Oak,MSH2Oak1.1,0.2354,3,0,0,0,3,NA,0,little decomposition,NA,,,,,,,,,,,,,
01/08/2024,Mont Saint Hilaire,Oak,MSH2Oak1.2,0.9479,13,0,0,0,13,NA,0,little decomposition,NA,,,,,,,,,,,,,
01/08/2024,Mont Saint Hilaire,Oak,MSH2Oak1.3,0.2519,4,0,0,0,4,NA,0,few moths ,NA,,,,,,,,,,,,,
01/08/2024,Mont Saint Hilaire,Oak,MSH2Oak1.4,2.5012,32,0,0,0,32,NA,0,2 tussoch moths ,NA,,,,,,,,,,,,,
01/08/2024,Mont Saint Hilaire,Oak,MSHOak1.1,0.1414,2,0,0,0,2,NA,0,little decomposition,NA,,,,,,,,,,,,,
01/08/2024,Mont Saint Hilaire,Oak,MSHOak1.2,2.9702,31,0,0,0,31,NA,0,little decomposition,NA,,,,,,,,,,,,,
01/08/2024,Mont Saint Hilaire,Oak,MSHOak1.3,3.3886,36,0,0,0,36,NA,0,some decomposition ,NA,,,,,,,,,,,,,
01/08/2024,Mont Saint Hilaire,Oak,MSHOak1.4,NA,NA,NA,NA,NA,NA,NA,NA,"Trap bottom slightly opened, not moths in or around the trap, taped up",NA,,,,,,,,,,,,,
01/08/2024,Mont Saint Hilaire,Pine,MSHPine1.1,6.5669,108,0,0,0,108,NA,0,"lots of moths, little decomposition",NA,,,,,,,,,,,,,
05/08/2024,Mont Royal,Oak/Pine,MROP1.1,3.1754,55,0,0,0,55,NA,0,NA,NA,,,,,,,,,,,,,
05/08/2024,Mont Royal,Oak/Pine,MROP1.2,1.0114,20,0,0,0,20,NA,0,NA,NA,,,,,,,,,,,,,
05/08/2024,Mont Royal,Oak/Pine,MROP1.3,0.7044,13,0,0,0,13,NA,0,NA,NA,,,,,,,,,,,,,
05/08/2024,Mont Royal,Oak/Pine,MROP1.4,0.8113,16,0,0,0,16,NA,0,NA,NA,,,,,,,,,,,,,
05/08/2024,Mont Royal,Oak,MROak2.1,0.797,15,0,0,0,15,NA,0,NA,NA,,,,,,,,,,,,,
05/08/2024,Mont Royal,Oak,MROak1.1,0.5771,7,0,0,0,7,NA,0,NA,NA,,,,,,,,,,,,,
05/08/2024,Mont Royal,Oak,MROak1.2,0.9821,20,0,0,0,20,NA,0,NA,NA,,,,,,,,,,,,,
05/08/2024,Mont Royal,Oak,MROak1.3,0.3457,6,0,0,0,6,NA,0,NA,NA,,,,,,,,,,,,,
05/08/2024,Mont Royal,Pine,MRPine1.1,1.09,24,0,0,0,24,NA,0,NA,NA,,,,,,,,,,,,,
05/08/2024,Mont Royal,MOM,MRMOM,NA,93,0,0,0,93,NA,0,NA,NA,,,,,,,,,,,,,
05/08/2024,Mont Royal,Oak,MROak3.1,4.9294,95,0,0,0,95,NA,0,NA,NA,,,,,,,,,,,,,
05/08/2024,Mont Royal,Oak,MROak3.2,2.6527,49,0,0,0,49,NA,0,NA,NA,,,,,,,,,,,,,
05/08/2024,Mont Royal,Oak,MROak3.3,NA,NA,NA,NA,NA,NA,NA,NA,"Trap missing, seems to have been removed",NA,,,,,,,,,,,,,
15/08/2024,Orford,pine,MO2Pine2.1,1.742,42,0,0,1,42,NA,0,NA,"all intact, wings disregarded",,,,,,,,,,,,,
15/08/2024,Orford,pine,MO2Pine2.2,2.3519,53,0,0,2,53,NA,1,NA,"1 small beetle, wings disregarded",,,,,,,,,,,,,
15/08/2024,Orford,pine,MO2Pine1.1,0.8648,21,0,0,3,4,NA,0,NA,"all intact, wings disregarded ",,,,,,,,,,,,,
15/08/2024,Orford,pine,MO2Pine1.2,1.0668,27,0,0,0,27,NA,0,NA,"all intact, no wings ",,,,,,,,,,,,,
15/08/2024,Orford,oak,MO2Oak1.1,5.947,141,1,2,20,143,NA,0,"Mostly in-tact moths, some beetle, some decomp","mostly intact moths, disregarded wings since moths were intact, bodies were added to total moths ",,,,,,,,,,,,,
15/08/2024,Orford,oak,MO2Oak 1.2,5.592,131,0,7,37,138,NA,3,"4 non-spongy moths moths, mostly intact, some decomp","3 small flies, 131 intact moths, added the moth bodies (bodies with heads) to total number, wings disregarded ",,,,,,,,,,,,,
15/08/2024,Orford,oak,MO2Oak1.3,2.4693,52,22,24,18,98,25,8,intact moths + more advanced stage of decomp ,"many smal flies and 1 beetle, mostly in-tact moths + bodies + heads = total, wings disregarded",,,,,,,,,,,,,
15/08/2024,Orford,pine,MO2Pine3.1,3.894,85,0,0,3,85,NA,2,"1 non spongy moth, some fungus on the moths ","a few small flies, wings disregarded since moths are intact ",,,,,,,,,,,,,
15/08/2024,Orford,pine,MO2Pine3.2,3.1737,73,0,1,4,74,NA,0,NA,"moths intact, disregarded wings ",,,,,,,,,,,,,
15/08/2024,Orford,MOM,MO2MOM,2.6637,69,33,10,30,112,17.25,7,"some intact moths, many beetles, relatively advanced stage of decomp ","lots of decomposition, very difficult to count wings so the number is not accurate, wings were disregarded, total moth = body + heads + moth count ",,,,,,,,,,,,,
15/08/2024,Orford,Pine,MO2Pine4.1,4.2801,105,0,0,0,105,NA,3,NA,"1 fly, 1 spider, 1 earwig ",,,,,,,,,,,,,
15/08/2024,Orford,Pine,MO2Pine4.2,4.3327,103,0,0,0,103,NA,3,NA,"1 non-spongy moth, 2 earwigs, 1 fly ",,,,,,,,,,,,,
16/08/2024,Orford,MOM,MOMOM,10.416,254,8,10,50,272,24,9,"moth in medium level of decomp, powdery but not moldy","decomposition made counting wings hard, total count = body + heads + moths + 1 live moth that flew away, wings disregarded ",,,,,,,,,,,,,
16/08/2024,Orford,Oak,MOOak1.1,19.761,378,0,0,0,193,NA,2,1 beetle ,"1 fly, 1 beetle",,,,,,,,,,,,,
16/08/2024,Orford,Oak,MOOak1.2,6.1547,139,0,0,0,140,NA,2,1 live moth flew away (ADDED TO TOTAL),"1 beetle, 1 stink bug, ",,,,,,,,,,,,,
16/08/2024,Orford,Oak,MOOak1.3,14.318,263,0,0,10,263,NA,2,several beetles but all moths intact ,2 flies ,,,,,,,,,,,,,
16/08/2024,Orford,Oak,MOOak2.1,5.1015,144,5,6,26,155,19.5,6,moths in medium level of decomp,"6 tiny flies, lots of decomp, wings hard to count and disregarded, total count = body + heads + moths ",,,,,,,,,,,,,
16/08/2024,Orford,Oak,MOOak2.2,4.5178,91,0,0,0,91,NA,2,NA,"moths intact, 2 flies",,,,,,,,,,,,,
16/08/2024,Orford,Oak,MOOak2.3,5.0056,108,0,0,1,109,NA,0,1 moth flew away (ADDED TO TOTAL),"moths intact, wing disregarded, total moths = moth count + 1 live moth",,,,,,,,,,,,,
16/08/2024,Orford,Oak,MOOak3.1,7.0338,142,0,4,15,146,NA,2,"some beetles, moths mostly intact, some decomp","total moths = count + bodies, wings disregarded, 2 beetles",,,,,,,,,,,,,
16/08/2024,Orford,Oak,MOOak3.2,4.681,93,0,0,6,94,NA,2,"a few beetles, dropped 1 moth (ADDED TO TOTAL)","2 large flies, total moths = count + dropped moth, wings disregarded ",,,,,,,,,,,,,
16/08/2024,Orford,Oak,MOOak3.3,1.5711,37,0,0,0,37,NA,0,few beetles ,intact moths ,,,,,,,,,,,,,
16/08/2024,Orford,Pine,MOPine1.1,3.1984,86,0,0,0,86,NA,0,NA,"16 tiny flies, moths intact ",,,,,,,,,,,,,
16/08/2024,Orford,Pine,MOPine1.2,4.7583,114,0,0,0,114,NA,4,NA,"1 harvestmen, 3 flies ",,,,,,,,,,,,,
16/08/2024,Orford,Pine,MOPine2.1,2.677,78,0,0,2,78,NA,2,one beetle ,"2 tiny flies, wings disregarded",,,,,,,,,,,,,
16/08/2024,Orford,Pine,MOPine2.2,2.3127,53,0,0,1,53,NA,2,NA,"2 tiny flies, wings disregarded",,,,,,,,,,,,,
16/08/2024,Orford,Pine,MOPine2.3,2.549,65,0,0,0,65,NA,5,NA,5 tiny flies ,,,,,,,,,,,,,
20/08/2024,Oka,Oak,OkaOak1.1,7.1054,161,0,2,6,163,NA,4,2 american dagger moths in trap,"1 spider, 3 flies, total moths = moth count + bodies , wings ignored ",,,,,,,,,,,,,
20/08/2024,Oka,Oak,OkaOak1.2,3.7078,91,1,1,7,92,NA,9,NA,"9 other species (1 spider, 7 flies, 1 mosquito), total moths = moth count + body/head (i ripped this one in half by accident), wings ignored  ",,,,,,,,,,,,,
20/08/2024,Oka,Oak,OkaOak1.3,3.5431,52,0,0,0,52,NA,0,"flies and a few beetles, trap was very wet ","moths were still sort of damp, weight probably higher than it should be, whole intact moths. Maybe compare with other bags with similar #s?",,,,,,,,,,,,,
20/08/2024,Oka,Oak,OkaOak1.4,2.4113,41,1,0,0,42,NA,4,a few beetles ,"1 harvestmen, 1 moth, 2 flies, total moths = moth count + head",,,,,,,,,,,,,
20/08/2024,Oka,Oak,OkaOak1.5,0.9733,7,8,2,11,17,6.75,6,"several beetles, very wet ","6 species (4 flies, 2 small beetles), extremely decomposed, bits of wings, bits of heads, clumps of matter that is impossible to decipher ",,,,,,,,,,,,,
20/08/2024,Oka,Oak,OkaOak1.6,3.7155,59,0,1,2,60,,5,NA,"5 species (3 flies, 1 harvestmen, 1 ant, 1 spider?), total moths = moth count + body ",,,,,,,,,,,,,
20/08/2024,Oka,Pine,OkaPine1.1,8.6922,93,6,5,10,104,41.5,15,"lots of beetles, heavy decomp ","species (mix of flies, beetles, winged insects) decomposition made counting wings impossible, total moths = moth count + heads + body ",,,,,,,,,,,,,
20/08/2024,Oka,Pine,OkaPine1.2,2.6415,61,0,0,0,61,NA,1,NA,"1 fly, moths in good state",,,,,,,,,,,,,
20/08/2024,Oka,Pine,OkaPine1.3,3.3347,38,12,1,8,53,32,16,"lots of beetles, heavy decomp, 2 HEAD DROPPED ","wings uncountable, species ( mostly flies, 1 beetle, 1 stink bug), total moths = moth count + bodies + head + 2 heads that fell",,,,,,,,,,,,,
20/08/2024,Oka,Pine,OkaPine1.4,2.0052,51,0,0,0,51,NA,0,NA,moths were in good state ,,,,,,,,,,,,,
20/08/2024,Oka,Pine,OkaPine1.5,1.9145,43,0,0,0,43,NA,0,catepillars ,moths were in good state ,,,,,,,,,,,,,
20/08/2024,Oka,Pine,OkaPine1.6,1.8471,39,1,4,7,44,NA,0,some beetles ,"total moths = moth count + bodies + head, wings ignored ",,,,,,,,,,,,,
20/08/2024,Oka,Pine,OkaPine1.7,1.3836,24,0,1,2,25,NA,0,flies and stink bug,"wings ignored, total moths = moth count + body ",,,,,,,,,,,,,
20/08/2024,Oka,Oak/Pine,OkaOP2.1,3.2715,63,0,0,4,63,NA,1,caterpillars ,"moths intact, wings ignored, 1 fly ",,,,,,,,,,,,,
20/08/2024,Oka,Oak/Pine,OkaOP2.2,1.337,0,31,6,0,37,41,0,"tons of beetles, full of muck",NA,,,,,,,,,,,,,
20/08/2024,Oka,Oak/Pine,OkaOP2.3,10.1172,28,79,24,0,134,38,0,"tons of beetles, full of muck, 3 DROPPED HEADS ADDED TO TOTAL","wings impossible to count, complete mush, very wet, total moths = moths + bodies + heads + heads dropped (3)",,,,,,,,,,,,,
20/08/2024,Oka,Pine,OkaPine2.1,11.5901,145,7,10,14,162,NA,12,"lots of beetles, some decomp","some wet some dry, species (mostly flies, 1 large beetle), total moths = moths + bodies + heads, wings disregarded ",,,,,,,,,,,,,
20/08/2024,Oka,Pine,OkaPine2.2,8.4408,112,0,1,0,113,NA,24,"a lot of beetles, some decomp","lots of flies, total moths = moths + body",,,,,,,,,,,,,
20/08/2024,Oka,Pine,OkaPine2.3,4.0437,60,2,2,6,64,NA,3,a few beetles ,"some dry some wet, total count = moths + bodies + heads, wings disregarded",,,,,,,,,,,,,
20/08/2024,Oka,Pine,OkaPine2.4,4.4075,111,0,0,4,111,NA,2,NA,"moths intact and dry, wings disregarded, 2 flies ",,,,,,,,,,,,,
20/08/2024,Oka,Pine,OkaPine2.5,3.4808,59,0,1,1,60,31,19,"many beetles, advanced decomp ","very decomposed and wet, 19 species (mostly flies, a harvestmen, couple beetle looking species), total count = moth count  + body, wings disregarded ",,,,,,,,,,,,,
20/08/2024,Oka,Oak/Pine,OkaOP1.1,3.9406,83,1,2,4,86,,10,a few beetles ,"species (mostly flies, 1 beetle), moths relatively dry, total moths = moths + heads + bodies ",,,,,,,,,,,,,
20/08/2024,Oka,Oak/Pine,OkaOP1.2,4.5086,100,0,1,5,101,NA,2,a few beetles ,"2 flies, moths dry, total moths = moths + bodies ",,,,,,,,,,,,,
20/08/2024,Oka,Oak/Pine,OkaOP1.3,2.8778,69,0,0,0,69,NA,0,NA,dry moths,,,,,,,,,,,,,
20/08/2024,Oka,Oak/Pine,OkaOP1.4,1.0701,21,0,0,2,21,NA,1,NA,"1 fly, wings ignored ",,,,,,,,,,,,,
20/08/2024,Oka,Pine,OkaPine3.1,6.2444,54,10,3,5,67,17.5,35,"some beetles, advanced decomp","A LOT of flies, total moths = moths + heads + bodies, wet ",,,,,,,,,,,,,
20/08/2024,Oka,Pine,OkaPine3.2,1.2362,26,0,1,1,27,NA,2,NA,"very slightly wet, wings disregarded, total moths = moths + bodies, 2 flies  ",,,,,,,,,,,,,
20/08/2024,Oka,Pine,OkaPine3.3,3.0035,27,7,8,14,42,13.5,5,"some beetles, advanced decomp ","2 fleis, wet, wings disregarded, total moths = moths + bodies + heads ",,,,,,,,,,,,,
20/08/2024,Oka,Pine,OkaPine3.4,1.6297,18,1,3,7,22,8,5,"some beetles, advanced decomp ","2 flies, mostly dry, total moths = moths + bodies + heads, wings ignored ",,,,,,,,,,,,,
21/08/2024,Notre Dame de Bonsecours,Oak,NDBOak1.1,1.7052,27,0,1,1,28,NA,7,"some beetles, minimal decomp","5 species (1 spider, 7 flies), total = moths + bodies ",,,,,,,,,,,,,
21/08/2024,Notre Dame de Bonsecours,Oak,NDBOak1.2,2.1501,20,1,3,30,24,NA,29,"some beetles, minimal decomp","a LOT of tiny flies, total = moths + bodies + heads, slightly wet ",,,,,,,,,,,,,
21/08/2024,Notre Dame de Bonsecours,Oak,NDBOak1.3,1.4126,1,14,3,4,18,65.5,0,"heavy decomp, full of muck","extremely decomposed,  difficult to count body parts, wet, total = moth + bodies + heads ",,,,,,,,,,,,,
21/08/2024,Notre Dame de Bonsecours,Oak,NDBOak1.4,2.5885,1,29,2,9,32,23.25,2,"heavy decomp, full of muck","2 beetles, extremely decomposed, difficult to count body parts, wet, total = moth + bodies + heads ",,,,,,,,,,,,,
21/08/2024,Notre Dame de Bonsecours,Pine,NBDPine2.1,1.6434,35,1,0,1,36,NA,3,2 looper moths ,"moths intact, 2 flies, total moths = moth + head",,,,,,,,,,,,,
21/08/2024,Notre Dame de Bonsecours,Pine,NBDPine2.2,1.4135,27,0,1,2,28,NA,6,flies + grasshoppers ,"6 flies, moths intact, total = moths + bodies",,,,,,,,,,,,,
21/08/2024,Notre Dame de Bonsecours,MOM,NDBMOM,3.3531,32,22,7,18,61,32,7,"heavy decomp, many beetles, full muck ","a lot of pieces of beetles, species (3 flies, 4 beetles), total = moths + heads + bodies, wings disregarded ",,,,,,,,,,,,,
21/08/2024,Notre Dame de Bonsecours,Pine,NDBPine1.1,3.6474,14,19,4,13,37,28.25,11,"heavy decomp, full muck","extremely decomposed,  difficult to count body parts, wet, total = moth + bodies + heads, species (beetles, small beetles, flies)",,,,,,,,,,,,,
21/08/2024,Notre Dame de Bonsecours,Oak/Pine,NDBOP2.1,3.6489,74,0,1,8,75,NA,6,2 looper moth,"moths intact, 6 flies, total = moths + bodies ",,,,,,,,,,,,,
21/08/2024,Notre Dame de Bonsecours,Oak/Pine,NDBOP2.2,2.5899,44,0,0,0,44,NA,11,"a few beetles, 1 looper moth","moths intact, mostly flies + 1 harvestment + 1 looper moth ",,,,,,,,,,,,,
21/08/2024,Notre Dame de Bonsecours,Oak/Pine,NDBOP2.3,1.9309,47,0,1,4,48,NA,7,3 non-spongy moths moths,"6 flies, intact and dry, total = moths +  body",,,,,,,,,,,,,
22/08/2024,Papineauville,Oak,PAPOak1.1,0.2776,0,16,0,0,16,51,0,"heavy decomp, many beetles","basically nothing left to count but a few heads/thoraxes, need to see if we can convert muck g = moth counts ",,,,,,,,,,,,,
22/08/2024,Papineauville,Oak,PAPOak1.2,5.3245,114,0,1,3,115,NA,5,"a few beetles, 2 looper moths ","5 species (4 looper moths 1 fly), wings ignored, total = Moths + bodies, dry",,,,,,,,,,,,,
22/08/2024,Papineauville,Oak,PAPOak2.1,5.8158,104,8,5,35,117,NA,4,"some beetles, minimal decomp","4 flies, total moths = moths + heads + bodies, mostly dry ",,,,,,,,,,,,,
22/08/2024,Papineauville,Oak,PAPOak2.2,3.1308,1,73,6,10,80,44,1,"advanced decomp, many beetles","very decomposed, 1 fly, total moths = moths + heads + bodies, wet",,,,,,,,,,,,,
22/08/2024,Papineauville,Oak/Pine,PAPOP1.1,8.0552,37,40,14,64,91,25.25,6,"advanced decomp, many beetles","wing count is a rough estimate due to decomposition, total moths = bodies + heads + moths , 6 flies, wet",,,,,,,,,,,,,
22/08/2024,Papineauville,Oak/Pine,PAPOP1.2,10.5414,62,29,8,42,99,38,5,"advanced decomp, many beetles","wing count is a rough estimate due to decomposition, total moths = bodies + heads + moths , 5flies + 1 moth, wet",,,,,,,,,,,,,
22/08/2024,Montebello,Oak,MontOak1.1,2.6575,63,0,0,3,63,NA,1,a few beetles,"dry, 1 fly, moths intact, bunch of little pieces of traps in bag",,,,,,,,,,,,,
22/08/2024,Montebello,Oak,MontOak1.2,4.3999,6,44,8,24,58,32,1,"advanced decomp, many beetles","wet, 1 beetle, total = moths + bodies + heads, wings ignored ",,,,,,,,,,,,,
22/08/2024,Montebello,Pine,MontPine2.1,4.2866,21,13,45,28,79,32.5,9,"advanced decomp, many beetles","wet, 9 flies, total = moths + bodies + heads, wings ignored ",,,,,,,,,,,,,
22/08/2024,Montebello,Pine,MontPine2.2,5.1035,7,50,0,37,58,34,1,"advanced decomp, many beetles, +1 HEAD ADDED TO TOTAL","wet, 1 beetle, total = moths + bodies + heads, wings ignored ",,,,,,,,,,,,,
22/08/2024,Montebello,Pine,MontPine2.3,0.0267,1,0,0,1,1,NA,0,"Trap was opened, only 1 moth left",one dry moth,,,,,,,,,,,,,
22/08/2024,Montebello,MOM,MontMOM,3.4527,18,18,9,32,45,22.5,10,"advanced decomp, many beetles","wet, 4 flies + many other species that are hard to ID, total = moths + bodies + heads ",,,,,,,,,,,,,
22/08/2024,Montebello,Oak,MontOak2.1,0.3889,0,10,1,28,11,6.5,9,"advanced decomp, many beetles, 4 non-spongy moths ","dry, 9 flies, barely recognizable moths pieces. No idea how to count total here",,,,,,,,,,,,,
22/08/2024,Montebello,Oak,MontOak2.2,2.9983,77,0,0,6,77,NA,5,NA,"2 flies + 3 looper moths , wings ignored, dry",,,,,,,,,,,,,
22/08/2024,Montebello,Pine,MontPine1.1,0.6459,18,0,1,4,19,NA,0,NA,"dry, wings ignored ",,,,,,,,,,,,,
22/08/2024,Montebello,Pine,MontPine1.2,2.7966,52,2,7,19,61,NA,17,"few beetles, minimum decomp, 4 looper moths ","mostly dry, 17 species (mostly flies, some small true bugs/beetles), total moths = moths + heads + bodies, ",,,,,,,,,,,,,
22/08/2024,Montebello,Pine,Mont2Pine1.1,NA,NA,NA,NA,NA,NA,NA,NA,TRAP FOUND OPEN - NOTHING INSIDE,NA,,,,,,,,,,,,,
22/08/2024,Montebello,Pine,Mont2Pine1.2,1.6589,0,44,3,5,47,42.5,0,"heavy decomp, full muck","extremely difficult to ID body parts, wings completely torn (ignored), total = bodies + heads",,,,,,,,,,,,,
22/08/2024,Montebello,Pine/Oak,Mont2OP1.1,2.7408,46,14,3,8,63,60,15,"advanced decomp, many beetles ","many small species of beetles and decomposer beetles, difficult to ID body parts, wings completely torn (ignored) ",,,,,,,,,,,,,
22/08/2024,Montebello,Pine/Oak,Mont2OP1.2,NA,3,NA,NA,NA,3,NA,NA,TRAP FOUND OPEN - 3 MOTHS ON GROUND (COUNTED),NA,,,,,,,,,,,,,
23/08/2024,Montebello,Oak/Pine,Mont2OP2.1,0.2832,0,24,0,3,24,62,1,"heavy decomp, full muck, tons of beetles ","extremely decomposed, only thorax/heads left, wings ignored ",,,,,,,,,,,,,
23/08/2024,Montebello,Oak/Pine,Mont2OP2.2,1.2981,39,0,0,1,39,NA,3,NA,"3 flies , moths intact, dry",,,,,,,,,,,,,
23/08/2024,Oka,Pine,OkaPine3.5,3.2258,10,25,6,9,41,40.5,8,"heavy decomp, full muck, tons of beetles ","bunch of pieces of beetles, total = moths + bodies + heads , wet ",,,,,,,,,,,,,
23/08/2024,Oka,MOM,OkaMOM1,5.9724,95,0,1,3,96,NA,19,"a few beetles, moths still intact after whole summer??","lots of flies, total moths = moths + body",,,,,,,,,,,,,
23/08/2024,Oka,Pine/Oak,OkaOP3.1,1.6061,32,0,0,0,32,NA,0,"one wasp, one caterpillar ","mostly dry, intact",,,,,,,,,,,,,
23/08/2024,Oka,Pine/Oak,OkaOP3.2,1.6173,26,1,1,4,28,NA,0,some caterpillars ,"mostly dry, intact, total = heads + bodies + moths, wings ignored ",,,,,,,,,,,,,
23/08/2024,Oka,Pine/Oak,OkaOP3.3,4.1593,42,1,5,6,48,NA,3,a few beetles. minimal decomp,"3 flies, a bit wet, total = heads + bodies + moth, wings ignored ",,,,,,,,,,,,,
23/08/2024,Oka,Pine/Oak,OkaOP3.4,2.4591,36,1,4,7,41,NA,2,few beetles,"2 flies, total = heads + bodies + moths, wings ignored ",,,,,,,,,,,,,
23/08/2024,Oka,Pine/Oak,OkaOP3.5,3.8597,17,21,9,19,47,14,38,"advanced decomp, many beetles","a TON of flies, total = heads + bodies + moths, wings ignored, wet",,,,,,,,,,,,,
23/08/2024,Oka,Pine/Oak,OkaOP3.6,3.9317,61,0,1,5,62,NA,1,NA,"1 fly, total = bodies + moths, wings ignored, somewhat dry",,,,,,,,,,,,,
23/08/2024,Oka,MOM,OkaMOM2,3.5644,52,1,6,12,59,NA,3,"a few beetles, moths still intact after whole summer??","3 flies, total = bodies + moths + heads, wings ignored ",,,,,,,,,,,,,
26/08/2024,Mont Saint Hilaire,Oak,MSH2Oak1.1,0.0684,3,1,1,2,5,NA,0,"No decomp, lady bugs ",total = bodies + heads + moths ,,,,,,,,,,,,,
26/08/2024,Mont Saint Hilaire,Oak,MSH2Oak1.2,0.0385,1,0,0,0,1,NA,0,No decomp ,1 moth ,,,,,,,,,,,,,
26/08/2024,Mont Saint Hilaire,Oak,MSHOak1.1,0.1352,1,10,1,32,12,NA,1,"minimum decomp, something ate a lot of the heads and bodies ","1 fly, total = bodies + heads + moths",,,,,,,,,,,,,
26/08/2024,Mont Saint Hilaire,Oak,MSHOak1.2,0.3335,9,0,0,0,9,NA,0,no decomp,NA,,,,,,,,,,,,,
26/08/2024,Mont Saint Hilaire,Oak,MSHOak1.3,0.8726,24,0,0,0,24,NA,2,"No decomp, pale beauty + spiders ","1 harvestmen, 1 caterpillar ",,,,,,,,,,,,,
26/08/2024,Mont Saint Hilaire,Oak,MSHOak1.4,0.4567,13,0,0,0,13,NA,1,"No decomp, some fungus ",NA,,,,,,,,,,,,,
27/08/2024,Mont Saint Hilaire,Pine,MSHPine1.1,0.3035,12,0,0,0,12,NA,,NA,NA,,,,,,,,,,,,,
27/08/2024,Mont Saint Hilaire,MOM,MSH2MOM2,0.247,9,1,0,3,10,NA,0,"minimum decomp, fungus present ",NA,,,,,,,,,,,,,
27/08/2024,Mont Saint Hilaire,MOM,MSH2MOM,0.2058,7,0,0,0,7,NA,1,"minimum decomp, fungus present ",1 fly ,,,,,,,,,,,,,
27/08/2024,Mont Saint Hilaire,MOM,MSHMOM,0.2492,0,16,0,7,16,41,0,heavy decomp,"very decomposed, hard to ID parts, wings hard to count, wings ignored ",,,,,,,,,,,,,
27/08/2024,Mont Saint Hilaire,Oak,MSH2Oak1.3,0.0646,2,0,0,0,2,NA,0,"minimum decomp, tiny bit of fungus ",NA,,,,,,,,,,,,,
27/08/2024,Mont Saint Hilaire,Oak,MSH2Oak1.4,NA,NA,NA,NA,NA,NA,NA,NA,"Completely torn apart, nothing recovered",NA,,,,,,,,,,,,,
27/08/2024,Mont Saint Hilaire,Pine/Oak,MSHOP1.1,0.3971,13,0,0,0,13,NA,1,"minimum decomp, a lot of fungus ",1 fly ,,,,,,,,,,,,,
27/08/2024,Mont Saint Hilaire,Oak/Pine,MSHOP2.1,0.0193,1,0,0,3,1,NA,0,"trap ripped to shred, 1 moth found on the ground with some wings ",just 1 moth for total,,,,,,,,,,,,,
27/08/2024,Mont Saint Hilaire,Oak/Pine,MSHOP2.2,0.7164,22,0,0,0,22,NA,1,"minimum decomp, 1 spider, 1 fly, 1 tussock moth, 1 beetle, fugus present","1 fly, moths intact ",,,,,,,,,,,,,
27/08/2024,Mont Saint Hilaire,Oak/Pine,MSHOP2.3,2.15,60,0,1,4,61,NA,3,"minimum decomp, few beetles, lots of fungus, some flies,","3 flies, total = moths + bodies ",,,,,,,,,,,,,
29/08/2024,Rigaud,Pine/Oak,RigOP1.1,0.2639,6,6,3,13,15,2.5,9,"some decomp, some beetles, 2 looper moths ","8 flies (1 beetle thing?), total = moths + bodies + heads, dry",,,,,,,,,,,,,
29/08/2024,Rigaud,Pine/Oak,RigOP1.2,0.3602,10,0,0,0,10,NA,0,"no decomp, 1 fly ",intact moths ,,,,,,,,,,,,,
29/08/2024,Rigaud,Pine/Oak,RigOP1.3,0.1568,6,0,0,2,6,15,1,"advanced decomp, 1 looper moth, many beetles ","1 small beetle, very decomposed ",,,,,,,,,,,,,
29/08/2024,Rigaud,Oak/Pine,RigOP2.1,0.6253,21,0,0,0,21,NA,4,"some decomp, fungus present, 1 looper moth, flies","4 flies, moths intact ",,,,,,,,,,,,,
29/08/2024,Rigaud,Oak/Pine,RigOP2.2,0.1693,5,1,1,2,7,NA,0,"some decomp, fungus present, 1 fly, some fungus ",NA,,,,,,,,,,,,,
29/08/2024,Rigaud,Oak/Pine,RigOP3.1,0.1544,6,1,1,4,8,NA,0,"some decomp, 2 beetles, 3 flies, pale beauty, 2 looper moths ","bits of 1 moth head = 1, total = head + body + moths ",,,,,,,,,,,,,
29/08/2024,Rigaud,Oak/Pine,RigOP3.2,0.707,25,1,1,10,27,NA,0,"min decomp, fungus present, 2 looper moths ","moths intact, total = heads + bodies + moths",,,,,,,,,,,,,
29/08/2024,Rigaud,Oak/Pine,RigOP3.3,0.5759,7,1,4,7,12,NA,8,"open and torn, some beetles, advanced decomp, some stuff still collected ","lots of insects pieces (some flies, large beetle pieces, small beetles), total = heads + bodies + moths ",,,,,,,,,,,,,
29/08/2024,Rigaud,Pine,RigPine2.1,0.1708,5,0,0,0,5,NA,0,"3 daddy long legs, 1 fly, min decomp",intact moths ,,,,,,,,,,,,,
29/08/2024,Rigaud,Pine,RigPine2.2,0,0,0,0,0,0,NA,0,"1 harvestmen, 1 caterpillar, NO MOTHS ",NO MOTHS ,,,,,,,,,,,,,
29/08/2024,Rigaud,Pine,RigPine2.3,0.018,0,2,0,0,2,46,0,"full muck, heavy decomp, many beetles ",2 very decomposed thoraxes ,,,,,,,,,,,,,
29/08/2024,Rigaud,Pine,RigPine3.1,0.4468,16,0,0,1,16,NA,3,NA,"2 harvest men + 1 spider, moths intact ",,,,,,,,,,,,,
29/08/2024,Rigaud,Pine,RigPine3.2,0.2913,10,0,0,4,10,NA,,"1 looper moth, min decomp, spiders, 1 fly ",moths intact ,,,,,,,,,,,,,
30/08/2024,Rigaud,Oak/Pine,RigOP4.1,NA,NA,NA,NA,NA,NA,NA,NA,"Bottom opened, beetles on ground, full decomp ",NA ,,,,,,,,,,,,,
30/08/2024,Rigaud,Oak/Pine,RigOP4.2,0.2636,9,0,0,0,9,NA,0,"1 harvestmen, 1 fly, fungus present, min decomp",intact moths ,,,,,,,,,,,,,
30/08/2024,Rigaud,Oak,RigOak1.1,0.1261,4,2,1,0,7,6,2,"advanced decomp, 1 looper moth, many beetles ","2 flies, total = head + body + moths ",,,,,,,,,,,,,
30/08/2024,Rigaud,Oak,RigOak1.2,0.0745,2,4,0,0,6,32,2,"heavy decomp, many beetles","2 flies, total = heads + moths ",,,,,,,,,,,,,
30/08/2024,Rigaud,Oak,RigOak1.3,0.2314,6,0,0,0,0,0,0,"min decomp, some fungus, no beetles ",intact moths ,,,,,,,,,,,,,
30/08/2024,Rigaud,Oak,RigOak1.4,0.1853,4,0,0,0,4,NA,4,"min decomp, some fungus, ant",intact moths ,,,,,,,,,,,,,
30/08/2024,Rigaud,Oak,RigOak1.5,0.5796,16,2,5,11,23,NA,6,"some beetles, some decomp, 1 looper moth, flies ","6 flies, total = heads + body + moths ",,,,,,,,,,,,,
30/08/2024,Rigaud,Pine,RigPine4.1,0.3184,10,0,0,0,10,NA,0,"couple spiders, 1 looper, min fingus, min decomp",moths intact,,,,,,,,,,,,,
30/08/2024,Rigaud,Pine,RigPine5.1,0.3534,13,0,0,0,13,NA,1,"couple beetles, min decomp, tussock moth, spiders",moths intact,,,,,,,,,,,,,
30/08/2024,Rigaud,Oak/Pine,RigOP5.1,0.3211,12,0,0,0,12,NA,4,"min decomp, multiple flies, min fungus, ","3 flies + spider, moths mostly intact",,,,,,,,,,,,,
30/08/2024,Rigaud,MOM,RigMOM,2.8864,82,2,0,4,84,NA,4,"min decomp, fungus, few beetles, NOT MUCK","4 flies, lots of feces, total = moths + heads ",,,,,,,,,,,,,
02/09/2024,Mont Royal,Oak/Pine,MROP1.1,0.1716,5,0,0,0,5,NA,0,NA,intact moths ,,,,,,,,,,,,,
02/09/2024,Mont Royal,Oak/Pine,MROP1.2,0,0,0,0,0,0,NA,0,NO MOTHS ,NA,,,,,,,,,,,,,
02/09/2024,Mont Royal,Oak/Pine,MROP1.3,0.0709,2,0,0,0,2,NA,0,"flies, spiders, caterpillars ",intact moths ,,,,,,,,,,,,,
02/09/2024,Mont Royal,Oak/Pine,MROP1.4,0.0843,1,0,0,0,1,NA,0,NA,intact moths ,,,,,,,,,,,,,
02/09/2024,Mont Royal,Oak,MROak2.1,0,0,0,0,0,0,NA,0,NO MOTHS ,NA,,,,,,,,,,,,,
02/09/2024,Mont Royal,Oak,MROak1.1,0.0131,0,0,1,2,1,NA,0,snail + flies,wings ignored ,,,,,,,,,,,,,
02/09/2024,Mont Royal,Oak,MROak1.2,0,0,0,0,0,0,NA,0,NO MOTHS ,NA,,,,,,,,,,,,,
02/09/2024,Mont Royal,Oak,MROak1.3,0,0,0,0,0,0,NA,0,NO MOTHS ,NA,,,,,,,,,,,,,
02/09/2024,Mont Royal,Pine,MRPine1.1,0.0093,1,0,0,0,1,NA,0,NA,moth intact,,,,,,,,,,,,,
02/09/2024,Mont Royal,MOM,MRMOM,NA,NA,NA,NA,NA,NA,75.5,NA,"complete muck, tons of beetles, nothing was collected ",NA,,,,,,,,,,,,,
02/09/2024,Mont Royal,Oak,MROak3.1,0.0189,1,0,0,0,1,NA,0,NA,moth intact,,,,,,,,,,,,,
02/09/2024,Mont Royal,Oak,MROak3.2,0.1158,3,0,0,0,3,NA,0,NA,3 moths with fungus ,,,,,,,,,,,,,
02/09/2024,Mont Royal,Oak,MROak3.3,NA,NA,NA,NA,NA,NA,NA,NA,TRAP MISSING ,NA,,,,,,,,,,,,,